<?xml version="1.0" encoding="UTF-8"?>
<project-private xmlns="http://www.netbeans.org/ns/project-private/1">
    <editor-bookmarks xmlns="http://www.netbeans.org/ns/editor-bookmarks/2" lastBookmarkId="0"/>
    <open-files xmlns="http://www.netbeans.org/ns/projectui-open-files/2">
        <group>
            <file>file:/D:/Live%20projects/govind/Feed%20back/JavaApplication10/src/Main_runner.java</file>
            <file>file:/D:/Live%20projects/govind/Feed%20back/JavaApplication10/test/Main_runnerTest.java</file>
        </group>
    </open-files>
</project-private>
